<?xml version="1.0" encoding="UTF-8"?>
<project-private xmlns="http://www.netbeans.org/ns/project-private/1">
    <editor-bookmarks xmlns="http://www.netbeans.org/ns/editor-bookmarks/2" lastBookmarkId="0"/>
    <open-files xmlns="http://www.netbeans.org/ns/projectui-open-files/2">
        <group>
            <file>file:/N:/Tareas/Base%20de%20datos%20distribuidas/DAO/src/DaoImp/ImpDao.java</file>
            <file>file:/N:/Tareas/Base%20de%20datos%20distribuidas/DAO/src/DaoImp/TablaDao.java</file>
            <file>file:/N:/Tareas/Base%20de%20datos%20distribuidas/DAO/src/Modelo/ModeloDao.java</file>
            <file>file:/N:/Tareas/Base%20de%20datos%20distribuidas/DAO/src/dao/DAO.java</file>
        </group>
    </open-files>
</project-private>
